time	id	name	score	json_payload
2015-10-11 08:06:23 +0900	0	Avis Lind	-3256.869635206057	{"phone_numbers":"1-276-220-7263","app_id":0,"point":-1601.6890336884562,"created_at":"2015-10-07 20:23:57 +0900","profile":{"like_words":["maiores","eum","aut"],"anniversary":{"voluptatem":"dolor","et":"ullam"}}}
2015-10-10 20:10:32 +0900	1	Edythe Bartell	1854.475677760671	{"phone_numbers":"553.980.4072","app_id":9,"point":119.36847814392212,"created_at":"2015-10-06 03:43:52 +0900","profile":{"like_words":["nobis","ad","est"],"anniversary":{"rerum":"inventore","deleniti":"numquam"}}}
2015-10-09 18:57:11 +0900	2	Mabel Kreiger Sr.	-2930.0214667621676	{"phone_numbers":"267-437-9081","app_id":14,"point":-272.41081832483815,"created_at":"2015-10-07 11:53:53 +0900","profile":{"like_words":["itaque","aut","in"],"anniversary":{"eveniet":"in","id":"sit"}}}
2015-10-11 08:34:20 +0900	3	Jeffry Schowalter	3722.368084343345	{"phone_numbers":"639.217.7325","app_id":0,"point":3928.1109653627186,"created_at":"2015-10-09 08:43:59 +0900","profile":{"like_words":["a","molestiae","iure"],"anniversary":{"non":"harum","dolorem":"provident"}}}
2015-10-08 02:46:53 +0900	4	Erwin Cole	-530.0773717850907	{"phone_numbers":"590.289.2473","app_id":36,"point":-4153.016432643382,"created_at":"2015-10-06 13:15:47 +0900","profile":{"like_words":["quisquam","quasi","a"],"anniversary":{"ducimus":"veritatis","vel":"in"}}}
2015-10-07 17:27:11 +0900	5	Herman Murazik I	2858.9098009497147	{"phone_numbers":"(196) 116-8976","app_id":0,"point":852.1366833369701,"created_at":"2015-10-09 11:06:36 +0900","profile":{"like_words":["maxime","ad","sunt"],"anniversary":{"molestiae":"architecto","temporibus":"quia"}}}
2015-10-06 10:33:22 +0900	6	Kaley Fritsch	-4170.738141376422	{"phone_numbers":"597.359.0615","app_id":48,"point":-2299.7034880139254,"created_at":"2015-10-07 08:14:01 +0900","profile":{"like_words":["eum","dolor","beatae"],"anniversary":{"fugit":"incidunt","provident":"doloremque"}}}
2015-10-06 18:52:38 +0900	7	Dr. Everett Gottlieb	3025.8442146041184	{"phone_numbers":"1-108-635-0095","app_id":28,"point":3999.8707818258176,"created_at":"2015-10-11 14:53:52 +0900","profile":{"like_words":["ea","minus","sit"],"anniversary":{"accusamus":"voluptate","omnis":"odio"}}}
2015-10-10 19:03:47 +0900	8	Freda Lehner	-2834.632764837081	{"phone_numbers":"282.908.3908","app_id":48,"point":-2690.3089130787753,"created_at":"2015-10-11 21:20:47 +0900","profile":{"like_words":["voluptas","consequatur","occaecati"],"anniversary":{"delectus":"ipsa","dolorem":"qui"}}}
2015-10-10 15:37:57 +0900	9	Brennon Zboncak	206.72213107748473	{"phone_numbers":"1-397-425-1652","app_id":63,"point":989.609974671026,"created_at":"2015-10-06 13:00:24 +0900","profile":{"like_words":["facere","optio","veniam"],"anniversary":{"perferendis":"quas","cupiditate":"est"}}}
2015-10-07 20:18:52 +0900	10	Rudolph Predovic DVM	-3884.3771566451423	{"phone_numbers":"1-389-001-8529","app_id":20,"point":-3669.9152918427744,"created_at":"2015-10-06 03:31:58 +0900","profile":{"like_words":["accusantium","qui","iure"],"anniversary":{"eaque":"possimus","et":"cumque"}}}
2015-10-09 02:05:22 +0900	11	Etha Hirthe	2467.945406584426	{"phone_numbers":"315-155-2339","app_id":22,"point":4428.215301393835,"created_at":"2015-10-07 18:11:24 +0900","profile":{"like_words":["et","ea","ratione"],"anniversary":{"dolorem":"est","sunt":"consequatur"}}}
2015-10-07 23:52:31 +0900	12	Sallie Ankunding V	-3441.0370623067192	{"phone_numbers":"681-141-4345","app_id":60,"point":-1071.645070483149,"created_at":"2015-10-11 00:29:33 +0900","profile":{"like_words":["alias","facere","sint"],"anniversary":{"molestiae":"provident","sapiente":"rerum"}}}
2015-10-06 03:04:20 +0900	13	Mrs. Miguel Hermann	1521.8619752514212	{"phone_numbers":"329.399.9089","app_id":13,"point":970.1380743174367,"created_at":"2015-10-06 04:11:03 +0900","profile":{"like_words":["aut","voluptatem","nesciunt"],"anniversary":{"soluta":"asperiores","et":"et"}}}
2015-10-10 10:55:46 +0900	14	Mrs. Magdalen Swift	-1484.8405564949508	{"phone_numbers":"(941) 031-6216","app_id":0,"point":-4218.049682365648,"created_at":"2015-10-11 13:00:43 +0900","profile":{"like_words":["voluptatum","ut","saepe"],"anniversary":{"et":"dolores","quas":"aliquid"}}}
2015-10-06 13:00:38 +0900	15	Toy Homenick	2015.2453965026514	{"phone_numbers":"1-551-393-8752","app_id":105,"point":2651.6556647094835,"created_at":"2015-10-07 17:41:27 +0900","profile":{"like_words":["doloremque","ut","nobis"],"anniversary":{"est":"repudiandae","unde":"libero"}}}
2015-10-06 00:51:49 +0900	16	Lorena Boehm V	-2048.529343446842	{"phone_numbers":"546-693-6731","app_id":48,"point":-1050.3257415942394,"created_at":"2015-10-11 21:47:37 +0900","profile":{"like_words":["perferendis","possimus","ducimus"],"anniversary":{"veniam":"consequatur","similique":"modi"}}}
2015-10-07 06:41:37 +0900	17	Kenya Beer	4984.333461295299	{"phone_numbers":"1-818-486-1184","app_id":68,"point":3066.8254748764393,"created_at":"2015-10-10 17:38:04 +0900","profile":{"like_words":["voluptatem","vero","ipsam"],"anniversary":{"aut":"est","et":"qui"}}}
2015-10-10 13:15:14 +0900	18	Mrs. Lizeth Hegmann	-3976.8683488150036	{"phone_numbers":"1-319-160-6462","app_id":18,"point":-4500.0980046958375,"created_at":"2015-10-11 01:39:27 +0900","profile":{"like_words":["ipsa","vitae","rerum"],"anniversary":{"et":"dolor","harum":"maxime"}}}
2015-10-09 05:28:56 +0900	19	Cole Rogahn	813.9059489639924	{"phone_numbers":"(549) 254-5105","app_id":19,"point":548.1637714807997,"created_at":"2015-10-08 07:26:01 +0900","profile":{"like_words":["odio","assumenda","aut"],"anniversary":{"aut":"et","odit":"dignissimos"}}}
2015-10-09 03:37:12 +0900	20	Mara Wilkinson	-830.4013843109051	{"phone_numbers":"1-757-588-7549","app_id":0,"point":-1047.767739409654,"created_at":"2015-10-10 22:34:01 +0900","profile":{"like_words":["et","possimus","maiores"],"anniversary":{"atque":"facilis","neque":"velit"}}}
2015-10-09 21:31:42 +0900	21	Keenan Stiedemann	3953.0008354444362	{"phone_numbers":"1-874-055-1495","app_id":21,"point":891.1815102146321,"created_at":"2015-10-06 08:06:09 +0900","profile":{"like_words":["quae","suscipit","magni"],"anniversary":{"et":"est","quidem":"beatae"}}}
2015-10-09 01:24:29 +0900	22	Rhett O'Connell	-1551.4589651540823	{"phone_numbers":"372-205-6420","app_id":88,"point":-2007.701257408186,"created_at":"2015-10-07 23:46:19 +0900","profile":{"like_words":["unde","vitae","fugiat"],"anniversary":{"vero":"architecto","temporibus":"omnis"}}}
2015-10-06 11:52:47 +0900	23	Donavon Kemmer	508.50547593994753	{"phone_numbers":"(571) 832-1878","app_id":138,"point":833.8453806892851,"created_at":"2015-10-07 14:56:33 +0900","profile":{"like_words":["consequuntur","ad","suscipit"],"anniversary":{"dolorem":"ullam","voluptas":"possimus"}}}
2015-10-06 16:23:49 +0900	24	Miss Courtney Grady	-2507.776567206154	{"phone_numbers":"251-829-7488","app_id":144,"point":-4447.923967878997,"created_at":"2015-10-10 11:55:44 +0900","profile":{"like_words":["placeat","architecto","quis"],"anniversary":{"aspernatur":"dignissimos","voluptatem":"ut"}}}
2015-10-09 06:31:34 +0900	25	Wilton Kovacek	4423.649136977761	{"phone_numbers":"(681) 080-0266","app_id":100,"point":4982.551433162526,"created_at":"2015-10-09 03:11:29 +0900","profile":{"like_words":["architecto","vitae","quaerat"],"anniversary":{"voluptas":"nisi","distinctio":"pariatur"}}}
2015-10-07 09:01:23 +0900	26	Liam McKenzie DDS	-3278.90565357996	{"phone_numbers":"312.196.5744","app_id":104,"point":-629.3130441062467,"created_at":"2015-10-11 02:12:56 +0900","profile":{"like_words":["aut","laudantium","maxime"],"anniversary":{"maxime":"maiores","fugit":"minima"}}}
2015-10-07 18:22:45 +0900	27	Conrad Hansen	593.543895102616	{"phone_numbers":"169-971-7381","app_id":27,"point":4300.594324371474,"created_at":"2015-10-11 07:46:33 +0900","profile":{"like_words":["voluptas","eveniet","necessitatibus"],"anniversary":{"ut":"similique","tempore":"tempora"}}}
2015-10-09 22:14:03 +0900	28	Dulce Robel	-3084.639911197776	{"phone_numbers":"978.630.7207","app_id":0,"point":-4949.382424690316,"created_at":"2015-10-10 02:20:54 +0900","profile":{"like_words":["quibusdam","maxime","aut"],"anniversary":{"hic":"earum","enim":"consequatur"}}}
2015-10-07 10:26:01 +0900	29	Carole Sanford	2730.8409556862894	{"phone_numbers":"362.464.7784","app_id":261,"point":2011.1349214830198,"created_at":"2015-10-07 11:20:30 +0900","profile":{"like_words":["distinctio","ipsa","voluptatibus"],"anniversary":{"natus":"officiis","ea":"nulla"}}}
2015-10-09 21:59:30 +0900	30	Sigrid Herman	-810.1022044437887	{"phone_numbers":"(924) 541-4784","app_id":90,"point":-2423.8288326034376,"created_at":"2015-10-10 09:21:38 +0900","profile":{"like_words":["optio","magni","incidunt"],"anniversary":{"consectetur":"cumque","quaerat":"inventore"}}}
2015-10-11 22:53:45 +0900	31	Rashawn Schneider	4008.851010128666	{"phone_numbers":"173.498.5107","app_id":186,"point":3874.7826562728574,"created_at":"2015-10-06 16:01:11 +0900","profile":{"like_words":["consectetur","rerum","perspiciatis"],"anniversary":{"autem":"id","fugit":"non"}}}
2015-10-11 08:10:48 +0900	32	Astrid Steuber V	-204.8991328158727	{"phone_numbers":"(481) 013-9814","app_id":64,"point":-2263.549947509334,"created_at":"2015-10-06 03:30:09 +0900","profile":{"like_words":["nihil","ut","voluptas"],"anniversary":{"quaerat":"illum","soluta":"minus"}}}
2015-10-10 14:00:27 +0900	33	Diamond Zemlak	778.1421594249105	{"phone_numbers":"(595) 704-7927","app_id":99,"point":3824.9185606303363,"created_at":"2015-10-09 13:47:39 +0900","profile":{"like_words":["facilis","qui","quis"],"anniversary":{"ea":"numquam","autem":"voluptatum"}}}
2015-10-10 03:07:36 +0900	34	Mrs. Shannon Beier	-2070.751811643287	{"phone_numbers":"532.502.9217","app_id":102,"point":-13.483132626333827,"created_at":"2015-10-06 20:31:09 +0900","profile":{"like_words":["rerum","voluptas","et"],"anniversary":{"omnis":"dolores","ducimus":"atque"}}}
2015-10-07 04:55:02 +0900	35	Andreanne Koepp	445.5461896463571	{"phone_numbers":"(844) 872-7282","app_id":70,"point":2024.968843940635,"created_at":"2015-10-09 14:37:41 +0900","profile":{"like_words":["enim","qui","debitis"],"anniversary":{"non":"quidem","omnis":"hic"}}}
2015-10-09 06:09:27 +0900	36	Miss Treva Kshlerin	-3488.4838054000684	{"phone_numbers":"829.803.9509","app_id":144,"point":-4712.258490535556,"created_at":"2015-10-07 11:41:49 +0900","profile":{"like_words":["maxime","rem","in"],"anniversary":{"enim":"alias","ut":"placeat"}}}
2015-10-11 05:04:39 +0900	37	Rex Daniel	2923.4043406285004	{"phone_numbers":"401.582.6263","app_id":0,"point":2040.6041036630954,"created_at":"2015-10-11 16:58:03 +0900","profile":{"like_words":["praesentium","id","culpa"],"anniversary":{"est":"debitis","sequi":"impedit"}}}
2015-10-10 03:30:04 +0900	38	Mr. Federico Konopelski	-2314.3806869025543	{"phone_numbers":"800.586.7396","app_id":114,"point":-2390.1152723977416,"created_at":"2015-10-06 05:28:07 +0900","profile":{"like_words":["adipisci","unde","doloremque"],"anniversary":{"autem":"ex","tenetur":"laborum"}}}
2015-10-08 16:42:46 +0900	39	Amelia Sanford	1821.125565223592	{"phone_numbers":"(319) 427-8467","app_id":39,"point":4219.58767055414,"created_at":"2015-10-06 04:58:02 +0900","profile":{"like_words":["ducimus","similique","totam"],"anniversary":{"similique":"non","suscipit":"aut"}}}
2015-10-07 19:00:00 +0900	40	Zackary Stamm V	-2937.7888199272	{"phone_numbers":"640.281.5280","app_id":0,"point":-3506.017079901764,"created_at":"2015-10-07 13:56:23 +0900","profile":{"like_words":["reiciendis","veritatis","magni"],"anniversary":{"molestiae":"qui","doloremque":"ea"}}}
2015-10-09 10:09:57 +0900	41	Arno Corwin V	4151.12660713617	{"phone_numbers":"122.846.7302","app_id":123,"point":3603.5557674915985,"created_at":"2015-10-10 12:45:04 +0900","profile":{"like_words":["perspiciatis","dolorem","similique"],"anniversary":{"necessitatibus":"veritatis","mollitia":"ex"}}}
2015-10-08 23:32:15 +0900	42	Marcus Wintheiser	-1638.369431851208	{"phone_numbers":"804.338.5423","app_id":0,"point":-4114.22951753173,"created_at":"2015-10-06 01:23:22 +0900","profile":{"like_words":["est","atque","inventore"],"anniversary":{"sit":"et","quam":"ad"}}}
2015-10-09 14:31:12 +0900	43	Madie Lebsack	3229.2300283806267	{"phone_numbers":"1-867-730-9730","app_id":43,"point":1702.921617466058,"created_at":"2015-10-09 03:38:09 +0900","profile":{"like_words":["rerum","eos","totam"],"anniversary":{"ducimus":"voluptatem","beatae":"cupiditate"}}}
2015-10-10 15:12:16 +0900	44	Dean Bernier	-2688.708370133052	{"phone_numbers":"(481) 698-2615","app_id":88,"point":-3584.314291557972,"created_at":"2015-10-09 20:36:48 +0900","profile":{"like_words":["ut","deleniti","eum"],"anniversary":{"explicabo":"labore","odit":"ratione"}}}
2015-10-08 08:29:38 +0900	45	Tevin Yundt	4277.146563063783	{"phone_numbers":"1-658-587-2827","app_id":45,"point":502.9804730517532,"created_at":"2015-10-09 01:40:38 +0900","profile":{"like_words":["excepturi","libero","ea"],"anniversary":{"amet":"culpa","voluptatibus":"asperiores"}}}
2015-10-11 17:16:34 +0900	46	Herta Ortiz	-2586.2488189026335	{"phone_numbers":"196.022.7761","app_id":138,"point":-907.3082021064893,"created_at":"2015-10-09 21:57:16 +0900","profile":{"like_words":["ex","quod","possimus"],"anniversary":{"voluptatem":"quas","accusamus":"accusamus"}}}
2015-10-09 06:14:44 +0900	47	Marjory Little IV	2817.1542796692734	{"phone_numbers":"709.190.6695","app_id":141,"point":794.8142102417938,"created_at":"2015-10-07 13:08:57 +0900","profile":{"like_words":["beatae","voluptatem","cumque"],"anniversary":{"laboriosam":"molestiae","aut":"occaecati"}}}
2015-10-08 18:09:02 +0900	48	Tyrese Cartwright	-2616.4545222758784	{"phone_numbers":"(810) 673-9851","app_id":336,"point":-3724.479309186211,"created_at":"2015-10-09 02:43:59 +0900","profile":{"like_words":["id","odio","aut"],"anniversary":{"necessitatibus":"soluta","dignissimos":"impedit"}}}
2015-10-11 06:09:34 +0900	49	Clarissa Weissnat	3774.246752462179	{"phone_numbers":"258-706-2034","app_id":196,"point":729.5259400859024,"created_at":"2015-10-08 15:42:59 +0900","profile":{"like_words":["magnam","iusto","debitis"],"anniversary":{"assumenda":"et","et":"mollitia"}}}
2015-10-08 06:45:45 +0900	50	Mariane Price PhD	-3731.4091942932796	{"phone_numbers":"549-264-4418","app_id":0,"point":-2212.062843157164,"created_at":"2015-10-10 20:49:30 +0900","profile":{"like_words":["nemo","blanditiis","consequatur"],"anniversary":{"sequi":"provident","quibusdam":"quae"}}}
2015-10-06 20:46:55 +0900	51	Magdalena Hermiston	170.33149319511773	{"phone_numbers":"295.978.5000","app_id":102,"point":3964.5357515997202,"created_at":"2015-10-08 10:50:54 +0900","profile":{"like_words":["ipsam","vitae","nisi"],"anniversary":{"temporibus":"dolorem","in":"et"}}}
2015-10-06 14:29:30 +0900	52	Emmitt Grady	-3071.6451250949503	{"phone_numbers":"(813) 682-7065","app_id":52,"point":-2283.8875024186896,"created_at":"2015-10-07 07:14:17 +0900","profile":{"like_words":["labore","sunt","modi"],"anniversary":{"ipsum":"praesentium","dolorem":"id"}}}
2015-10-10 09:51:25 +0900	53	Shawna Marquardt	3829.272519651845	{"phone_numbers":"(119) 598-2279","app_id":0,"point":660.632964450477,"created_at":"2015-10-07 19:18:39 +0900","profile":{"like_words":["quis","dolorem","nihil"],"anniversary":{"perspiciatis":"cumque","et":"at"}}}
2015-10-10 07:59:06 +0900	54	Nyah Spencer	-4975.475925277694	{"phone_numbers":"1-680-025-9126","app_id":54,"point":-853.6538280935893,"created_at":"2015-10-10 22:05:35 +0900","profile":{"like_words":["illo","possimus","dolorum"],"anniversary":{"aut":"nesciunt","autem":"aut"}}}
2015-10-09 16:44:59 +0900	55	Chloe Boehm	1187.3310695751716	{"phone_numbers":"1-119-603-7565","app_id":165,"point":3202.1011518741584,"created_at":"2015-10-10 07:50:34 +0900","profile":{"like_words":["ut","quam","earum"],"anniversary":{"odit":"praesentium","veritatis":"optio"}}}
2015-10-11 16:42:16 +0900	56	Elwyn Mills III	-1226.6165125104358	{"phone_numbers":"462.846.0237","app_id":168,"point":-1469.7575928467445,"created_at":"2015-10-11 20:01:50 +0900","profile":{"like_words":["quod","eum","deserunt"],"anniversary":{"facilis":"ut","aliquid":"omnis"}}}
2015-10-08 08:15:12 +0900	57	Lennie Bartoletti	4887.712523033574	{"phone_numbers":"(562) 700-6908","app_id":114,"point":160.15018517562513,"created_at":"2015-10-09 06:54:46 +0900","profile":{"like_words":["nostrum","odit","enim"],"anniversary":{"autem":"soluta","fugit":"dolore"}}}
2015-10-07 13:14:15 +0900	58	Deontae Barrows	-4373.736508737718	{"phone_numbers":"1-545-199-6620","app_id":522,"point":-1080.4664896167392,"created_at":"2015-10-08 08:30:08 +0900","profile":{"like_words":["repellendus","aut","quo"],"anniversary":{"mollitia":"ea","fugit":"pariatur"}}}
2015-10-07 07:14:24 +0900	59	Nyah Bauch	627.944245639318	{"phone_numbers":"649-754-2638","app_id":118,"point":2050.633129915665,"created_at":"2015-10-09 18:28:14 +0900","profile":{"like_words":["et","dicta","minima"],"anniversary":{"ullam":"modi","nam":"adipisci"}}}
2015-10-06 06:53:13 +0900	60	Adrienne Leffler	-2829.521176150057	{"phone_numbers":"814-630-0851","app_id":180,"point":-3464.7800151417896,"created_at":"2015-10-09 18:09:45 +0900","profile":{"like_words":["labore","ut","deserunt"],"anniversary":{"sed":"quas","voluptatem":"quibusdam"}}}
2015-10-08 12:48:48 +0900	61	Kayley Keebler	1313.7250089243412	{"phone_numbers":"(807) 953-6933","app_id":305,"point":639.2313363059397,"created_at":"2015-10-07 15:49:52 +0900","profile":{"like_words":["deleniti","labore","dolores"],"anniversary":{"eum":"qui","commodi":"fugiat"}}}
2015-10-10 06:48:27 +0900	62	Elliot Bogisich V	-3822.8090142643587	{"phone_numbers":"929-024-2951","app_id":124,"point":-4779.516962141838,"created_at":"2015-10-10 14:56:08 +0900","profile":{"like_words":["ut","assumenda","voluptas"],"anniversary":{"quo":"ut","eum":"et"}}}
2015-10-08 00:16:51 +0900	63	Eveline Ernser Sr.	2806.9237318787023	{"phone_numbers":"(502) 877-8577","app_id":189,"point":1892.9853939420839,"created_at":"2015-10-07 05:00:21 +0900","profile":{"like_words":["sit","ipsam","fugiat"],"anniversary":{"vitae":"sit","sint":"quis"}}}
2015-10-11 08:38:18 +0900	64	Murl Labadie	-764.140117568465	{"phone_numbers":"(771) 349-7033","app_id":320,"point":-687.4013382271833,"created_at":"2015-10-10 10:51:23 +0900","profile":{"like_words":["veritatis","aut","labore"],"anniversary":{"et":"consequatur","ut":"soluta"}}}
2015-10-08 15:05:42 +0900	65	Lacy Cassin	1160.320306512302	{"phone_numbers":"624.888.1685","app_id":325,"point":1587.6076807015297,"created_at":"2015-10-11 19:29:20 +0900","profile":{"like_words":["expedita","a","neque"],"anniversary":{"assumenda":"officia","id":"sed"}}}
2015-10-10 16:18:19 +0900	66	Maeve Koss	-4335.150343119076	{"phone_numbers":"157-152-7236","app_id":330,"point":-4349.117443627459,"created_at":"2015-10-11 06:56:13 +0900","profile":{"like_words":["autem","voluptatem","doloremque"],"anniversary":{"voluptatem":"sit","dolor":"est"}}}
2015-10-11 08:35:36 +0900	67	Curtis Batz	2736.540517850057	{"phone_numbers":"975.333.7068","app_id":268,"point":3420.202242838706,"created_at":"2015-10-06 13:56:47 +0900","profile":{"like_words":["voluptates","labore","sequi"],"anniversary":{"voluptas":"aspernatur","dolore":"ea"}}}
2015-10-07 16:42:19 +0900	68	Derek Reichel	-3874.881120555271	{"phone_numbers":"973.840.0336","app_id":68,"point":-4717.135607889753,"created_at":"2015-10-10 01:59:17 +0900","profile":{"like_words":["error","quia","molestiae"],"anniversary":{"dolorem":"quis","consectetur":"distinctio"}}}
2015-10-09 11:19:49 +0900	69	Palma Fisher	496.81518082186113	{"phone_numbers":"1-309-349-3740","app_id":207,"point":3390.1861946268727,"created_at":"2015-10-11 14:29:12 +0900","profile":{"like_words":["ut","ut","voluptates"],"anniversary":{"saepe":"et","enim":"eaque"}}}
2015-10-08 13:14:09 +0900	70	Clint Reinger III	-3038.4356427769153	{"phone_numbers":"856-835-7730","app_id":140,"point":-2835.2053598307175,"created_at":"2015-10-06 14:17:51 +0900","profile":{"like_words":["impedit","ad","animi"],"anniversary":{"odit":"est","vel":"voluptate"}}}
2015-10-10 17:44:37 +0900	71	Kitty Champlin	4560.4401675187055	{"phone_numbers":"989.638.1296","app_id":71,"point":1253.3143846421438,"created_at":"2015-10-07 21:30:03 +0900","profile":{"like_words":["voluptas","culpa","similique"],"anniversary":{"dolor":"neque","placeat":"est"}}}
2015-10-07 11:22:37 +0900	72	Mr. Ena Harvey	-4200.1942368361515	{"phone_numbers":"317.786.9814","app_id":72,"point":-722.8696017492975,"created_at":"2015-10-08 08:13:59 +0900","profile":{"like_words":["adipisci","enim","voluptas"],"anniversary":{"expedita":"et","voluptatem":"rerum"}}}
2015-10-09 00:05:19 +0900	73	Dr. Anderson Wolff	3866.7896808354963	{"phone_numbers":"1-343-104-2725","app_id":584,"point":194.1226183271141,"created_at":"2015-10-06 19:39:22 +0900","profile":{"like_words":["quam","dolorum","est"],"anniversary":{"vel":"id","ut":"nulla"}}}
2015-10-10 11:48:21 +0900	74	Dorris Walsh IV	-1961.8325062759172	{"phone_numbers":"(509) 183-0884","app_id":592,"point":-830.865372367256,"created_at":"2015-10-11 16:07:06 +0900","profile":{"like_words":["repellendus","quod","aut"],"anniversary":{"voluptas":"ut","recusandae":"numquam"}}}
2015-10-09 16:51:12 +0900	75	Justus Kuhic	423.7072330426625	{"phone_numbers":"(774) 762-5269","app_id":450,"point":3579.5815894513685,"created_at":"2015-10-08 09:31:56 +0900","profile":{"like_words":["dolorem","laboriosam","et"],"anniversary":{"quam":"et","ut":"et"}}}
2015-10-10 04:52:56 +0900	76	Mercedes Schmeler	-4992.620748522985	{"phone_numbers":"632.560.4189","app_id":380,"point":-3075.239498270392,"created_at":"2015-10-08 11:30:10 +0900","profile":{"like_words":["molestias","aperiam","sed"],"anniversary":{"quo":"eligendi","fugit":"rerum"}}}
2015-10-08 15:16:19 +0900	77	Dave Reichel	4100.688594676535	{"phone_numbers":"995.426.5316","app_id":77,"point":2429.988892407077,"created_at":"2015-10-07 01:32:54 +0900","profile":{"like_words":["laborum","nulla","facere"],"anniversary":{"sed":"non","vero":"et"}}}
2015-10-07 04:39:56 +0900	78	Mossie Bruen	-1020.5950461619159	{"phone_numbers":"1-453-224-9306","app_id":468,"point":-3425.2932917507646,"created_at":"2015-10-11 03:29:25 +0900","profile":{"like_words":["et","vel","maxime"],"anniversary":{"voluptas":"pariatur","esse":"aut"}}}
2015-10-10 21:35:21 +0900	79	Monica Stiedemann	3219.2086780943387	{"phone_numbers":"225.003.3142","app_id":711,"point":1033.4855909658213,"created_at":"2015-10-11 20:28:44 +0900","profile":{"like_words":["eaque","eos","exercitationem"],"anniversary":{"assumenda":"cupiditate","voluptate":"id"}}}
2015-10-07 06:36:02 +0900	80	Dr. Elyssa Pagac	-3301.0154134166187	{"phone_numbers":"760-859-0012","app_id":720,"point":-2910.5746796621092,"created_at":"2015-10-06 20:05:01 +0900","profile":{"like_words":["pariatur","dolor","quasi"],"anniversary":{"aut":"iste","unde":"quia"}}}
2015-10-07 07:15:44 +0900	81	Donnell Abernathy DDS	4913.704752403618	{"phone_numbers":"1-276-201-1324","app_id":567,"point":2968.2829037436186,"created_at":"2015-10-09 17:40:42 +0900","profile":{"like_words":["et","nemo","et"],"anniversary":{"et":"tempore","a":"autem"}}}
2015-10-09 06:02:37 +0900	82	Leda Herman	-1173.1566575345037	{"phone_numbers":"380-183-9245","app_id":0,"point":-2606.836728126425,"created_at":"2015-10-11 02:54:00 +0900","profile":{"like_words":["animi","quas","aut"],"anniversary":{"temporibus":"amet","ullam":"dolorem"}}}
2015-10-07 18:30:22 +0900	83	Vanessa Rodriguez	4555.371865371344	{"phone_numbers":"(749) 572-0585","app_id":498,"point":1093.1338706390486,"created_at":"2015-10-08 14:30:48 +0900","profile":{"like_words":["facere","ut","tenetur"],"anniversary":{"aut":"et","est":"eum"}}}
2015-10-06 16:06:52 +0900	84	Athena Waters DDS	-4893.081938542143	{"phone_numbers":"716.422.9287","app_id":0,"point":-1149.3971933280027,"created_at":"2015-10-10 21:18:55 +0900","profile":{"like_words":["dolores","sequi","earum"],"anniversary":{"doloremque":"commodi","possimus":"suscipit"}}}
2015-10-06 23:17:46 +0900	85	Mrs. Christa Fisher	3707.8687440827152	{"phone_numbers":"(267) 374-5678","app_id":170,"point":1067.7682428341589,"created_at":"2015-10-10 23:22:10 +0900","profile":{"like_words":["eius","quam","commodi"],"anniversary":{"tempora":"ut","ea":"quo"}}}
2015-10-07 04:26:15 +0900	86	Dannie Kuhic	-4867.675930528709	{"phone_numbers":"1-401-313-0962","app_id":688,"point":-3861.479221888725,"created_at":"2015-10-08 23:15:11 +0900","profile":{"like_words":["earum","dolores","distinctio"],"anniversary":{"ipsam":"enim","rerum":"at"}}}
2015-10-08 09:02:07 +0900	87	Mrs. Ceasar Hammes	3115.1263873476946	{"phone_numbers":"388.667.4018","app_id":261,"point":1296.226795622605,"created_at":"2015-10-07 16:53:07 +0900","profile":{"like_words":["quis","dignissimos","nihil"],"anniversary":{"pariatur":"cum","ratione":"possimus"}}}
2015-10-10 11:38:53 +0900	88	Retta Cassin	-965.9102380984154	{"phone_numbers":"212-958-7048","app_id":528,"point":-1121.2619694929854,"created_at":"2015-10-07 01:04:15 +0900","profile":{"like_words":["sit","inventore","sapiente"],"anniversary":{"eos":"a","eveniet":"odit"}}}
2015-10-07 16:12:38 +0900	89	Kylee Johnston	3528.170737697339	{"phone_numbers":"619-131-4482","app_id":534,"point":4686.728190447,"created_at":"2015-10-09 20:24:10 +0900","profile":{"like_words":["architecto","doloremque","ducimus"],"anniversary":{"minima":"vel","delectus":"et"}}}
2015-10-11 22:34:51 +0900	90	Shaniya Schiller	-4114.875541321096	{"phone_numbers":"629.766.7294","app_id":180,"point":-1817.7470567027422,"created_at":"2015-10-07 08:15:40 +0900","profile":{"like_words":["rem","voluptates","incidunt"],"anniversary":{"dolore":"omnis","nobis":"velit"}}}
2015-10-06 22:06:02 +0900	91	Jermain Skiles	4505.159451918198	{"phone_numbers":"191-180-2263","app_id":0,"point":3434.5623432303423,"created_at":"2015-10-07 23:43:10 +0900","profile":{"like_words":["praesentium","facilis","at"],"anniversary":{"enim":"repellat","explicabo":"dolorem"}}}
2015-10-10 23:52:23 +0900	92	Maximilian Walsh	-3075.1129430504398	{"phone_numbers":"655-397-3448","app_id":828,"point":-3084.6459087115227,"created_at":"2015-10-06 02:29:58 +0900","profile":{"like_words":["pariatur","suscipit","harum"],"anniversary":{"nam":"atque","consectetur":"quam"}}}
2015-10-06 20:17:45 +0900	93	Dejuan Hintz	392.3273912017863	{"phone_numbers":"601-422-0130","app_id":372,"point":1834.1324518267406,"created_at":"2015-10-11 07:01:36 +0900","profile":{"like_words":["modi","autem","consequatur"],"anniversary":{"molestias":"fugit","voluptas":"quibusdam"}}}
2015-10-08 13:03:57 +0900	94	Clementine Pfannerstill	-1541.891110930284	{"phone_numbers":"708.245.3655","app_id":752,"point":-3013.0195755053023,"created_at":"2015-10-11 10:05:07 +0900","profile":{"like_words":["laborum","accusamus","aperiam"],"anniversary":{"ratione":"est","sit":"consequuntur"}}}
2015-10-06 05:58:37 +0900	95	Callie Sipes	3661.717941738101	{"phone_numbers":"396.116.6442","app_id":665,"point":1214.9686490710287,"created_at":"2015-10-06 09:35:47 +0900","profile":{"like_words":["incidunt","occaecati","quisquam"],"anniversary":{"deleniti":"nisi","dolores":"nemo"}}}
2015-10-10 19:08:45 +0900	96	Flavio Howe	-1458.6278077262718	{"phone_numbers":"697-491-3943","app_id":192,"point":-4555.188389102583,"created_at":"2015-10-10 06:55:15 +0900","profile":{"like_words":["optio","perferendis","ut"],"anniversary":{"autem":"optio","molestiae":"expedita"}}}
2015-10-09 06:31:31 +0900	97	Allene Funk	3342.439463990594	{"phone_numbers":"(968) 762-0953","app_id":873,"point":3439.9215311345856,"created_at":"2015-10-11 22:35:02 +0900","profile":{"like_words":["sint","quisquam","totam"],"anniversary":{"vitae":"natus","ducimus":"iusto"}}}
2015-10-10 15:12:33 +0900	98	Jan Kling	-435.54543084869965	{"phone_numbers":"(223) 519-9714","app_id":98,"point":-4606.787115867773,"created_at":"2015-10-10 15:15:24 +0900","profile":{"like_words":["ex","natus","inventore"],"anniversary":{"quidem":"asperiores","vel":"libero"}}}
2015-10-06 09:49:13 +0900	99	Kyra Runolfsson	2945.3144859071417	{"phone_numbers":"656.669.6277","app_id":792,"point":4584.610475193578,"created_at":"2015-10-09 08:26:17 +0900","profile":{"like_words":["officia","sapiente","quia"],"anniversary":{"ut":"occaecati","et":"recusandae"}}}
